-- MySQL dump 10.13  Distrib 8.0.43, for Win64 (x86_64)
--
-- Host: localhost    Database: jspdb
-- ------------------------------------------------------
-- Server version	8.4.6

/*!40101 SET @OLD_CHARACTER_SET_CLIENT=@@CHARACTER_SET_CLIENT */;
/*!40101 SET @OLD_CHARACTER_SET_RESULTS=@@CHARACTER_SET_RESULTS */;
/*!40101 SET @OLD_COLLATION_CONNECTION=@@COLLATION_CONNECTION */;
/*!50503 SET NAMES utf8 */;
/*!40103 SET @OLD_TIME_ZONE=@@TIME_ZONE */;
/*!40103 SET TIME_ZONE='+00:00' */;
/*!40014 SET @OLD_UNIQUE_CHECKS=@@UNIQUE_CHECKS, UNIQUE_CHECKS=0 */;
/*!40014 SET @OLD_FOREIGN_KEY_CHECKS=@@FOREIGN_KEY_CHECKS, FOREIGN_KEY_CHECKS=0 */;
/*!40101 SET @OLD_SQL_MODE=@@SQL_MODE, SQL_MODE='NO_AUTO_VALUE_ON_ZERO' */;
/*!40111 SET @OLD_SQL_NOTES=@@SQL_NOTES, SQL_NOTES=0 */;

--
-- Table structure for table `board`
--

DROP TABLE IF EXISTS `board`;
/*!40101 SET @saved_cs_client     = @@character_set_client */;
/*!50503 SET character_set_client = utf8mb4 */;
CREATE TABLE `board` (
  `bnum` int NOT NULL AUTO_INCREMENT,
  `btitle` varchar(100) DEFAULT NULL,
  `bcontent` varchar(200) DEFAULT NULL,
  `memberid` varchar(20) DEFAULT NULL,
  `bhit` int DEFAULT NULL,
  `bdate` datetime DEFAULT CURRENT_TIMESTAMP,
  PRIMARY KEY (`bnum`)
) ENGINE=InnoDB AUTO_INCREMENT=445 DEFAULT CHARSET=utf8mb4 COLLATE=utf8mb4_0900_ai_ci;
/*!40101 SET character_set_client = @saved_cs_client */;

--
-- Dumping data for table `board`
--

LOCK TABLES `board` WRITE;
/*!40000 ALTER TABLE `board` DISABLE KEYS */;
INSERT INTO `board` VALUES (1,'안녕하세요!안녕하세요!안녕하세요!안녕하세요!안녕하세요!안녕하세요!안녕하세요!안녕하세요!','오늘은 비가 많이 옵니다.','tiger11',3,'2025-08-14 17:17:17'),(2,'안녕하세요!2222','오늘은 비가 많이 옵니다.','tiger33',0,'2025-08-14 17:17:28'),(3,'안녕하세요!333','오늘은 비가 많이 옵니다.','tiger55',0,'2025-08-14 17:17:35'),(4,'안녕하세요!555','오늘은 비가 많이 옵니다.','tiger777',0,'2025-08-14 17:17:43'),(5,'안녕하세요!555','오늘은 비가 많이 옵니다.','tiger777',0,'2025-08-14 17:17:53'),(6,'안녕하세요!555','오늘은 비가 많이 옵니다.','tiger777',0,'2025-08-14 17:17:53'),(7,'안녕하세요!555','오늘은 비가 많이 옵니다.','tiger777',0,'2025-08-14 17:17:54'),(8,'안녕하세요','반갑습니다','tiger88',0,'2025-08-18 10:10:04'),(10,'pstmt 이용글 입니다.','PreparedStatement 사용 글 입니다.','pstmt',0,'2025-08-18 12:41:50'),(11,'더미글입니다.','연습 글 입니다','tiger99',1,'2025-08-19 11:42:43'),(12,'안녕하세요. 연습글입니다.','테스트 글입니다. 글 내용입니다.','whiteCat',0,'2025-08-19 16:26:51'),(13,'안녕하세요. 연습글입니다.','안녕하세요. 연습글입니다.안녕하세요. 연습글입니다.','whiteCat2',0,'2025-08-19 16:27:38'),(14,'안녕하세요. 연습글입니다.','안녕하세요. 연습글입니다.안녕하세요. 연습글입니다.','whiteCat2',0,'2025-08-19 16:27:52'),(15,'안녕하세요. 연습글입니다.','안녕 내용입니다','whiteCat2',0,'2025-08-20 08:51:34'),(16,'안녕하세요. 연습글입니다.','안녕 내용입니다','whiteCat2',0,'2025-08-20 08:51:43'),(17,'안녕하세요. 연습글입니다.111','안녕 내용입니다','whiteCat2',0,'2025-08-20 08:52:27'),(18,'안녕하세요. 연습글입니다.111','안녕 내용입니다','whiteCat2',0,'2025-08-20 08:52:32'),(19,'안녕하세요. 연습글입니다.111','내용','whiteCat2',0,'2025-08-20 08:53:08'),(20,'안녕하세요. 연습글입니다.111','안녕 내용입니다','whiteCat2',0,'2025-08-20 08:54:31'),(21,'안녕하세요. 연습글입니다.111','내용','whiteCat2',0,'2025-08-20 08:54:46'),(22,'안녕하세요. 연습글입니다.222','내용','whiteCat2',0,'2025-08-20 08:55:32'),(23,'안녕하세요. 연습글입니다.222','내용','whiteCat2',0,'2025-08-20 08:56:37'),(24,'안녕하세요. 연습글입니다.222','111','whiteCat2',0,'2025-08-20 08:56:54'),(25,'안녕하세요. 연습글입니다.111','111','whiteCat2',1,'2025-08-20 08:57:38'),(27,'안녕하세요. 연습글입니다.333','내용','whiteCat2',0,'2025-08-20 08:59:18'),(28,'안녕하세요. 연습글입니다.333','111','whiteCat2',0,'2025-08-20 08:59:46'),(29,'연습글 입니다','오늘은 8월20일 입니다.','blackTiger',0,'2025-08-20 09:07:42'),(30,'버그 글입니다!!','이 글은 새로고침 시 계속 써집니다!!','bugTiger',0,'2025-08-20 10:22:58'),(31,'버그 글입니다!!','이 글은 새로고침 시 계속 써집니다!!','bugTiger',0,'2025-08-20 10:24:42'),(33,'버그 글입니다!!222','버그','bugTiger2',0,'2025-08-20 10:25:14'),(34,'버그 글입니다!!222','버그','bugTiger2',0,'2025-08-20 10:25:15'),(36,'버그 글입니다!!222','버그','bugTiger2',1,'2025-08-20 10:25:16'),(37,'버그 글입니다!!222','버그','bugTiger2',1,'2025-08-20 10:25:17'),(38,'버그 글입니다!!222','버그','bugTiger2',1,'2025-08-20 10:29:24'),(39,'버그 글입니다!!222','56555','bugTiger2',0,'2025-08-20 10:29:33'),(40,'버그 글입니다!!222','fffff','bugTiger2',2,'2025-08-20 10:31:54'),(44,'저는 lion88입니다','저는 사자8888입니다','lion88',7,'2025-08-20 16:17:39'),(45,'안녕하세요. 테스트 글 제목입니다.','테스트 글 내용입니다.','tiger',0,'2025-08-21 16:36:04'),(46,'안녕하세요. 테스트 글 제목입니다.','테스트 글 내용입니다.','tiger',0,'2025-08-21 16:36:04'),(47,'안녕하세요. 테스트 글 제목입니다.','테스트 글 내용입니다.','tiger',0,'2025-08-21 16:36:04'),(48,'안녕하세요. 테스트 글 제목입니다.','테스트 글 내용입니다.','tiger',0,'2025-08-21 16:36:04'),(49,'안녕하세요. 테스트 글 제목입니다.','테스트 글 내용입니다.','tiger',0,'2025-08-21 16:36:04'),(50,'안녕하세요. 테스트 글 제목입니다.','테스트 글 내용입니다.','tiger',0,'2025-08-21 16:36:04'),(51,'안녕하세요. 테스트 글 제목입니다.','테스트 글 내용입니다.','tiger',0,'2025-08-21 16:36:04'),(52,'안녕하세요. 테스트 글 제목입니다.','테스트 글 내용입니다.','tiger',0,'2025-08-21 16:36:04'),(53,'안녕하세요. 테스트 글 제목입니다.','테스트 글 내용입니다.','tiger',0,'2025-08-21 16:36:04'),(54,'안녕하세요. 테스트 글 제목입니다.','테스트 글 내용입니다.','tiger',0,'2025-08-21 16:36:04'),(55,'안녕하세요. 테스트 글 제목입니다.','테스트 글 내용입니다.','tiger',0,'2025-08-21 16:36:04'),(56,'안녕하세요. 테스트 글 제목입니다.','테스트 글 내용입니다.','tiger',0,'2025-08-21 16:36:04'),(57,'안녕하세요. 테스트 글 제목입니다.','테스트 글 내용입니다.','tiger',0,'2025-08-21 16:36:04'),(58,'안녕하세요. 테스트 글 제목입니다.','테스트 글 내용입니다.','tiger',0,'2025-08-21 16:36:04'),(59,'안녕하세요. 테스트 글 제목입니다.','테스트 글 내용입니다.','tiger',0,'2025-08-21 16:36:04'),(60,'안녕하세요. 테스트 글 제목입니다.','테스트 글 내용입니다.','tiger',0,'2025-08-21 16:36:04'),(61,'안녕하세요. 테스트 글 제목입니다.','테스트 글 내용입니다.','tiger',0,'2025-08-21 16:36:04'),(62,'안녕하세요. 테스트 글 제목입니다.','테스트 글 내용입니다.','tiger',0,'2025-08-21 16:36:04'),(63,'안녕하세요. 테스트 글 제목입니다.','테스트 글 내용입니다.','tiger',0,'2025-08-21 16:36:04'),(64,'안녕하세요. 테스트 글 제목입니다.','테스트 글 내용입니다.','tiger',0,'2025-08-21 16:36:04'),(65,'안녕하세요. 테스트 글 제목입니다.','테스트 글 내용입니다.','tiger',0,'2025-08-21 16:36:04'),(66,'안녕하세요. 테스트 글 제목입니다.','테스트 글 내용입니다.','tiger',0,'2025-08-21 16:36:04'),(67,'안녕하세요. 테스트 글 제목입니다.','테스트 글 내용입니다.','tiger',0,'2025-08-21 16:36:04'),(68,'안녕하세요. 테스트 글 제목입니다.','테스트 글 내용입니다.','tiger',0,'2025-08-21 16:36:04'),(69,'안녕하세요. 테스트 글 제목입니다.','테스트 글 내용입니다.','tiger',0,'2025-08-21 16:36:04'),(70,'안녕하세요. 테스트 글 제목입니다.','테스트 글 내용입니다.','tiger',0,'2025-08-21 16:36:04'),(71,'안녕하세요. 테스트 글 제목입니다.','테스트 글 내용입니다.','tiger',0,'2025-08-21 16:36:04'),(72,'안녕하세요. 테스트 글 제목입니다.','테스트 글 내용입니다.','tiger',0,'2025-08-21 16:36:04'),(73,'안녕하세요. 테스트 글 제목입니다.','테스트 글 내용입니다.','tiger',0,'2025-08-21 16:36:04'),(74,'안녕하세요. 테스트 글 제목입니다.','테스트 글 내용입니다.','tiger',0,'2025-08-21 16:36:04'),(75,'안녕하세요. 테스트 글 제목입니다.','테스트 글 내용입니다.','tiger',0,'2025-08-21 16:36:04'),(76,'안녕하세요. 테스트 글 제목입니다.','테스트 글 내용입니다.','tiger',0,'2025-08-21 16:36:04'),(77,'안녕하세요. 테스트 글 제목입니다.','테스트 글 내용입니다.','tiger',0,'2025-08-21 16:36:04'),(78,'안녕하세요. 테스트 글 제목입니다.','테스트 글 내용입니다.','tiger',0,'2025-08-21 16:36:04'),(79,'안녕하세요. 테스트 글 제목입니다.','테스트 글 내용입니다.','tiger',0,'2025-08-21 16:36:04'),(80,'안녕하세요. 테스트 글 제목입니다.','테스트 글 내용입니다.','tiger',0,'2025-08-21 16:36:04'),(81,'안녕하세요. 테스트 글 제목입니다.','테스트 글 내용입니다.','tiger',0,'2025-08-21 16:36:04'),(82,'안녕하세요. 테스트 글 제목입니다.','테스트 글 내용입니다.','tiger',0,'2025-08-21 16:36:04'),(83,'안녕하세요. 테스트 글 제목입니다.','테스트 글 내용입니다.','tiger',0,'2025-08-21 16:36:04'),(84,'안녕하세요. 테스트 글 제목입니다.','테스트 글 내용입니다.','tiger',0,'2025-08-21 16:36:04'),(85,'안녕하세요. 테스트 글 제목입니다.','테스트 글 내용입니다.','tiger',0,'2025-08-21 16:36:04'),(86,'안녕하세요. 테스트 글 제목입니다.','테스트 글 내용입니다.','tiger',0,'2025-08-21 16:36:04'),(87,'안녕하세요. 테스트 글 제목입니다.','테스트 글 내용입니다.','tiger',0,'2025-08-21 16:36:04'),(88,'안녕하세요. 테스트 글 제목입니다.','테스트 글 내용입니다.','tiger',0,'2025-08-21 16:36:04'),(89,'안녕하세요. 테스트 글 제목입니다.','테스트 글 내용입니다.','tiger',0,'2025-08-21 16:36:05'),(90,'안녕하세요. 테스트 글 제목입니다.','테스트 글 내용입니다.','tiger',0,'2025-08-21 16:36:05'),(91,'안녕하세요. 테스트 글 제목입니다.','테스트 글 내용입니다.','tiger',0,'2025-08-21 16:36:05'),(92,'안녕하세요. 테스트 글 제목입니다.','테스트 글 내용입니다.','tiger',0,'2025-08-21 16:36:05'),(93,'안녕하세요. 테스트 글 제목입니다.','테스트 글 내용입니다.','tiger',0,'2025-08-21 16:36:05'),(94,'안녕하세요. 테스트 글 제목입니다.','테스트 글 내용입니다.','tiger',0,'2025-08-21 16:36:05'),(95,'안녕하세요. 테스트 글 제목입니다.','테스트 글 내용입니다.','tiger',0,'2025-08-21 16:36:05'),(96,'안녕하세요. 테스트 글 제목입니다.','테스트 글 내용입니다.','tiger',0,'2025-08-21 16:36:05'),(97,'안녕하세요. 테스트 글 제목입니다.','테스트 글 내용입니다.','tiger',0,'2025-08-21 16:36:05'),(98,'안녕하세요. 테스트 글 제목입니다.','테스트 글 내용입니다.','tiger',0,'2025-08-21 16:36:05'),(99,'안녕하세요. 테스트 글 제목입니다.','테스트 글 내용입니다.','tiger',0,'2025-08-21 16:36:05'),(100,'안녕하세요. 테스트 글 제목입니다.','테스트 글 내용입니다.','tiger',0,'2025-08-21 16:36:05'),(101,'안녕하세요. 테스트 글 제목입니다.','테스트 글 내용입니다.','tiger',0,'2025-08-21 16:36:05'),(102,'안녕하세요. 테스트 글 제목입니다.','테스트 글 내용입니다.','tiger',0,'2025-08-21 16:36:05'),(103,'안녕하세요. 테스트 글 제목입니다.','테스트 글 내용입니다.','tiger',0,'2025-08-21 16:36:05'),(104,'안녕하세요. 테스트 글 제목입니다.','테스트 글 내용입니다.','tiger',0,'2025-08-21 16:36:05'),(105,'안녕하세요. 테스트 글 제목입니다.','테스트 글 내용입니다.','tiger',0,'2025-08-21 16:36:05'),(106,'안녕하세요. 테스트 글 제목입니다.','테스트 글 내용입니다.','tiger',0,'2025-08-21 16:36:05'),(107,'안녕하세요. 테스트 글 제목입니다.','테스트 글 내용입니다.','tiger',0,'2025-08-21 16:36:05'),(108,'안녕하세요. 테스트 글 제목입니다.','테스트 글 내용입니다.','tiger',0,'2025-08-21 16:36:05'),(109,'안녕하세요. 테스트 글 제목입니다.','테스트 글 내용입니다.','tiger',0,'2025-08-21 16:36:05'),(110,'안녕하세요. 테스트 글 제목입니다.','테스트 글 내용입니다.','tiger',0,'2025-08-21 16:36:05'),(111,'안녕하세요. 테스트 글 제목입니다.','테스트 글 내용입니다.','tiger',0,'2025-08-21 16:36:05'),(112,'안녕하세요. 테스트 글 제목입니다.','테스트 글 내용입니다.','tiger',0,'2025-08-21 16:36:05'),(113,'안녕하세요. 테스트 글 제목입니다.','테스트 글 내용입니다.','tiger',0,'2025-08-21 16:36:05'),(114,'안녕하세요. 테스트 글 제목입니다.','테스트 글 내용입니다.','tiger',0,'2025-08-21 16:36:05'),(115,'안녕하세요. 테스트 글 제목입니다.','테스트 글 내용입니다.','tiger',0,'2025-08-21 16:36:05'),(116,'안녕하세요. 테스트 글 제목입니다.','테스트 글 내용입니다.','tiger',0,'2025-08-21 16:36:05'),(117,'안녕하세요. 테스트 글 제목입니다.','테스트 글 내용입니다.','tiger',0,'2025-08-21 16:36:05'),(118,'안녕하세요. 테스트 글 제목입니다.','테스트 글 내용입니다.','tiger',0,'2025-08-21 16:36:05'),(119,'안녕하세요. 테스트 글 제목입니다.','테스트 글 내용입니다.','tiger',0,'2025-08-21 16:36:05'),(120,'안녕하세요. 테스트 글 제목입니다.','테스트 글 내용입니다.','tiger',0,'2025-08-21 16:36:05'),(121,'안녕하세요. 테스트 글 제목입니다.','테스트 글 내용입니다.','tiger',0,'2025-08-21 16:36:05'),(122,'안녕하세요. 테스트 글 제목입니다.','테스트 글 내용입니다.','tiger',0,'2025-08-21 16:36:05'),(123,'안녕하세요. 테스트 글 제목입니다.','테스트 글 내용입니다.','tiger',0,'2025-08-21 16:36:05'),(124,'안녕하세요. 테스트 글 제목입니다.','테스트 글 내용입니다.','tiger',0,'2025-08-21 16:36:05'),(125,'안녕하세요. 테스트 글 제목입니다.','테스트 글 내용입니다.','tiger',0,'2025-08-21 16:36:05'),(126,'안녕하세요. 테스트 글 제목입니다.','테스트 글 내용입니다.','tiger',0,'2025-08-21 16:36:05'),(127,'안녕하세요. 테스트 글 제목입니다.','테스트 글 내용입니다.','tiger',0,'2025-08-21 16:36:05'),(128,'안녕하세요. 테스트 글 제목입니다.','테스트 글 내용입니다.','tiger',0,'2025-08-21 16:36:05'),(129,'안녕하세요. 테스트 글 제목입니다.','테스트 글 내용입니다.','tiger',0,'2025-08-21 16:36:05'),(130,'안녕하세요. 테스트 글 제목입니다.','테스트 글 내용입니다.','tiger',0,'2025-08-21 16:36:05'),(131,'안녕하세요. 테스트 글 제목입니다.','테스트 글 내용입니다.','tiger',0,'2025-08-21 16:36:05'),(132,'안녕하세요. 테스트 글 제목입니다.','테스트 글 내용입니다.','tiger',0,'2025-08-21 16:36:05'),(133,'안녕하세요. 테스트 글 제목입니다.','테스트 글 내용입니다.','tiger',0,'2025-08-21 16:36:05'),(134,'안녕하세요. 테스트 글 제목입니다.','테스트 글 내용입니다.','tiger',0,'2025-08-21 16:36:05'),(135,'안녕하세요. 테스트 글 제목입니다.','테스트 글 내용입니다.','tiger',0,'2025-08-21 16:36:05'),(136,'안녕하세요. 테스트 글 제목입니다.','테스트 글 내용입니다.','tiger',0,'2025-08-21 16:36:05'),(137,'안녕하세요. 테스트 글 제목입니다.','테스트 글 내용입니다.','tiger',0,'2025-08-21 16:36:05'),(138,'안녕하세요. 테스트 글 제목입니다.','테스트 글 내용입니다.','tiger',0,'2025-08-21 16:36:05'),(139,'안녕하세요. 테스트 글 제목입니다.','테스트 글 내용입니다.','tiger',0,'2025-08-21 16:36:05'),(140,'안녕하세요. 테스트 글 제목입니다.','테스트 글 내용입니다.','tiger',0,'2025-08-21 16:36:05'),(141,'안녕하세요. 테스트 글 제목입니다.','테스트 글 내용입니다.','tiger',0,'2025-08-21 16:36:05'),(142,'안녕하세요. 테스트 글 제목입니다.','테스트 글 내용입니다.','tiger',0,'2025-08-21 16:36:05'),(143,'안녕하세요. 테스트 글 제목입니다.','테스트 글 내용입니다.','tiger',0,'2025-08-21 16:36:05'),(144,'안녕하세요. 테스트 글 제목입니다.','테스트 글 내용입니다.','tiger',0,'2025-08-21 16:36:05'),(145,'안녕하세요. 테스트 글 제목입니다.','테스트 글 내용입니다.','tiger',0,'2025-08-21 16:36:05'),(146,'안녕하세요. 테스트 글 제목입니다.','테스트 글 내용입니다.','tiger',0,'2025-08-21 16:36:05'),(147,'안녕하세요. 테스트 글 제목입니다.','테스트 글 내용입니다.','tiger',0,'2025-08-21 16:36:05'),(148,'안녕하세요. 테스트 글 제목입니다.','테스트 글 내용입니다.','tiger',0,'2025-08-21 16:36:05'),(149,'안녕하세요. 테스트 글 제목입니다.','테스트 글 내용입니다.','tiger',0,'2025-08-21 16:36:05'),(150,'안녕하세요. 테스트 글 제목입니다.','테스트 글 내용입니다.','tiger',0,'2025-08-21 16:36:05'),(151,'안녕하세요. 테스트 글 제목입니다.','테스트 글 내용입니다.','tiger',0,'2025-08-21 16:36:05'),(152,'안녕하세요. 테스트 글 제목입니다.','테스트 글 내용입니다.','tiger',0,'2025-08-21 16:36:05'),(153,'안녕하세요. 테스트 글 제목입니다.','테스트 글 내용입니다.','tiger',0,'2025-08-21 16:36:05'),(154,'안녕하세요. 테스트 글 제목입니다.','테스트 글 내용입니다.','tiger',0,'2025-08-21 16:36:05'),(155,'안녕하세요. 테스트 글 제목입니다.','테스트 글 내용입니다.','tiger',0,'2025-08-21 16:36:05'),(156,'안녕하세요. 테스트 글 제목입니다.','테스트 글 내용입니다.','tiger',0,'2025-08-21 16:36:05'),(157,'안녕하세요. 테스트 글 제목입니다.','테스트 글 내용입니다.','tiger',0,'2025-08-21 16:36:05'),(158,'안녕하세요. 테스트 글 제목입니다.','테스트 글 내용입니다.','tiger',0,'2025-08-21 16:36:05'),(159,'안녕하세요. 테스트 글 제목입니다.','테스트 글 내용입니다.','tiger',0,'2025-08-21 16:36:05'),(160,'안녕하세요. 테스트 글 제목입니다.','테스트 글 내용입니다.','tiger',0,'2025-08-21 16:36:05'),(161,'안녕하세요. 테스트 글 제목입니다.','테스트 글 내용입니다.','tiger',0,'2025-08-21 16:36:05'),(162,'안녕하세요. 테스트 글 제목입니다.','테스트 글 내용입니다.','tiger',0,'2025-08-21 16:36:05'),(163,'안녕하세요. 테스트 글 제목입니다.','테스트 글 내용입니다.','tiger',0,'2025-08-21 16:36:05'),(164,'안녕하세요. 테스트 글 제목입니다.','테스트 글 내용입니다.','tiger',0,'2025-08-21 16:36:05'),(165,'안녕하세요. 테스트 글 제목입니다.','테스트 글 내용입니다.','tiger',0,'2025-08-21 16:36:05'),(166,'안녕하세요. 테스트 글 제목입니다.','테스트 글 내용입니다.','tiger',0,'2025-08-21 16:36:05'),(167,'안녕하세요. 테스트 글 제목입니다.','테스트 글 내용입니다.','tiger',0,'2025-08-21 16:36:05'),(168,'안녕하세요. 테스트 글 제목입니다.','테스트 글 내용입니다.','tiger',0,'2025-08-21 16:36:05'),(169,'안녕하세요. 테스트 글 제목입니다.','테스트 글 내용입니다.','tiger',0,'2025-08-21 16:36:05'),(170,'안녕하세요. 테스트 글 제목입니다.','테스트 글 내용입니다.','tiger',0,'2025-08-21 16:36:05'),(171,'안녕하세요. 테스트 글 제목입니다.','테스트 글 내용입니다.','tiger',0,'2025-08-21 16:36:05'),(172,'안녕하세요. 테스트 글 제목입니다.','테스트 글 내용입니다.','tiger',0,'2025-08-21 16:36:05'),(173,'안녕하세요. 테스트 글 제목입니다.','테스트 글 내용입니다.','tiger',0,'2025-08-21 16:36:05'),(174,'안녕하세요. 테스트 글 제목입니다.','테스트 글 내용입니다.','tiger',0,'2025-08-21 16:36:05'),(175,'안녕하세요. 테스트 글 제목입니다.','테스트 글 내용입니다.','tiger',0,'2025-08-21 16:36:05'),(176,'안녕하세요. 테스트 글 제목입니다.','테스트 글 내용입니다.','tiger',0,'2025-08-21 16:36:05'),(177,'안녕하세요. 테스트 글 제목입니다.','테스트 글 내용입니다.','tiger',0,'2025-08-21 16:36:05'),(178,'안녕하세요. 테스트 글 제목입니다.','테스트 글 내용입니다.','tiger',0,'2025-08-21 16:36:05'),(179,'안녕하세요. 테스트 글 제목입니다.','테스트 글 내용입니다.','tiger',0,'2025-08-21 16:36:05'),(180,'안녕하세요. 테스트 글 제목입니다.','테스트 글 내용입니다.','tiger',0,'2025-08-21 16:36:05'),(181,'안녕하세요. 테스트 글 제목입니다.','테스트 글 내용입니다.','tiger',0,'2025-08-21 16:36:05'),(182,'안녕하세요. 테스트 글 제목입니다.','테스트 글 내용입니다.','tiger',0,'2025-08-21 16:36:05'),(183,'안녕하세요. 테스트 글 제목입니다.','테스트 글 내용입니다.','tiger',0,'2025-08-21 16:36:05'),(184,'안녕하세요. 테스트 글 제목입니다.','테스트 글 내용입니다.','tiger',0,'2025-08-21 16:36:05'),(185,'안녕하세요. 테스트 글 제목입니다.','테스트 글 내용입니다.','tiger',0,'2025-08-21 16:36:05'),(186,'안녕하세요. 테스트 글 제목입니다.','테스트 글 내용입니다.','tiger',0,'2025-08-21 16:36:05'),(187,'안녕하세요. 테스트 글 제목입니다.','테스트 글 내용입니다.','tiger',0,'2025-08-21 16:36:05'),(188,'안녕하세요. 테스트 글 제목입니다.','테스트 글 내용입니다.','tiger',0,'2025-08-21 16:36:05'),(189,'안녕하세요. 테스트 글 제목입니다.','테스트 글 내용입니다.','tiger',0,'2025-08-21 16:36:05'),(190,'안녕하세요. 테스트 글 제목입니다.','테스트 글 내용입니다.','tiger',0,'2025-08-21 16:36:05'),(191,'안녕하세요. 테스트 글 제목입니다.','테스트 글 내용입니다.','tiger',0,'2025-08-21 16:36:05'),(192,'안녕하세요. 테스트 글 제목입니다.','테스트 글 내용입니다.','tiger',0,'2025-08-21 16:36:05'),(193,'안녕하세요. 테스트 글 제목입니다.','테스트 글 내용입니다.','tiger',0,'2025-08-21 16:36:05'),(194,'안녕하세요. 테스트 글 제목입니다.','테스트 글 내용입니다.','tiger',0,'2025-08-21 16:36:05'),(195,'안녕하세요. 테스트 글 제목입니다.','테스트 글 내용입니다.','tiger',0,'2025-08-21 16:36:05'),(196,'안녕하세요. 테스트 글 제목입니다.','테스트 글 내용입니다.','tiger',0,'2025-08-21 16:36:05'),(197,'안녕하세요. 테스트 글 제목입니다.','테스트 글 내용입니다.','tiger',0,'2025-08-21 16:36:05'),(198,'안녕하세요. 테스트 글 제목입니다.','테스트 글 내용입니다.','tiger',0,'2025-08-21 16:36:05'),(199,'안녕하세요. 테스트 글 제목입니다.','테스트 글 내용입니다.','tiger',0,'2025-08-21 16:36:05'),(200,'안녕하세요. 테스트 글 제목입니다.','테스트 글 내용입니다.','tiger',0,'2025-08-21 16:36:05'),(201,'안녕하세요. 테스트 글 제목입니다.','테스트 글 내용입니다.','tiger',0,'2025-08-21 16:36:05'),(202,'안녕하세요. 테스트 글 제목입니다.','테스트 글 내용입니다.','tiger',0,'2025-08-21 16:36:05'),(203,'안녕하세요. 테스트 글 제목입니다.','테스트 글 내용입니다.','tiger',0,'2025-08-21 16:36:05'),(204,'안녕하세요. 테스트 글 제목입니다.','테스트 글 내용입니다.','tiger',0,'2025-08-21 16:36:05'),(205,'안녕하세요. 테스트 글 제목입니다.','테스트 글 내용입니다.','tiger',0,'2025-08-21 16:36:05'),(206,'안녕하세요. 테스트 글 제목입니다.','테스트 글 내용입니다.','tiger',0,'2025-08-21 16:36:05'),(207,'안녕하세요. 테스트 글 제목입니다.','테스트 글 내용입니다.','tiger',0,'2025-08-21 16:36:05'),(208,'안녕하세요. 테스트 글 제목입니다.','테스트 글 내용입니다.','tiger',0,'2025-08-21 16:36:05'),(209,'안녕하세요. 테스트 글 제목입니다.','테스트 글 내용입니다.','tiger',0,'2025-08-21 16:36:05'),(210,'안녕하세요. 테스트 글 제목입니다.','테스트 글 내용입니다.','tiger',0,'2025-08-21 16:36:05'),(211,'안녕하세요. 테스트 글 제목입니다.','테스트 글 내용입니다.','tiger',0,'2025-08-21 16:36:05'),(212,'안녕하세요. 테스트 글 제목입니다.','테스트 글 내용입니다.','tiger',0,'2025-08-21 16:36:05'),(213,'안녕하세요. 테스트 글 제목입니다.','테스트 글 내용입니다.','tiger',0,'2025-08-21 16:36:05'),(214,'안녕하세요. 테스트 글 제목입니다.','테스트 글 내용입니다.','tiger',0,'2025-08-21 16:36:05'),(215,'안녕하세요. 테스트 글 제목입니다.','테스트 글 내용입니다.','tiger',0,'2025-08-21 16:36:05'),(216,'안녕하세요. 테스트 글 제목입니다.','테스트 글 내용입니다.','tiger',0,'2025-08-21 16:36:06'),(217,'안녕하세요. 테스트 글 제목입니다.','테스트 글 내용입니다.','tiger',0,'2025-08-21 16:36:06'),(218,'안녕하세요. 테스트 글 제목입니다.','테스트 글 내용입니다.','tiger',0,'2025-08-21 16:36:06'),(219,'안녕하세요. 테스트 글 제목입니다.','테스트 글 내용입니다.','tiger',0,'2025-08-21 16:36:06'),(220,'안녕하세요. 테스트 글 제목입니다.','테스트 글 내용입니다.','tiger',0,'2025-08-21 16:36:06'),(221,'안녕하세요. 테스트 글 제목입니다.','테스트 글 내용입니다.','tiger',0,'2025-08-21 16:36:06'),(222,'안녕하세요. 테스트 글 제목입니다.','테스트 글 내용입니다.','tiger',0,'2025-08-21 16:36:06'),(223,'안녕하세요. 테스트 글 제목입니다.','테스트 글 내용입니다.','tiger',0,'2025-08-21 16:36:06'),(224,'안녕하세요. 테스트 글 제목입니다.','테스트 글 내용입니다.','tiger',0,'2025-08-21 16:36:06'),(225,'안녕하세요. 테스트 글 제목입니다.','테스트 글 내용입니다.','tiger',0,'2025-08-21 16:36:06'),(226,'안녕하세요. 테스트 글 제목입니다.','테스트 글 내용입니다.','tiger',0,'2025-08-21 16:36:06'),(227,'안녕하세요. 테스트 글 제목입니다.','테스트 글 내용입니다.','tiger',0,'2025-08-21 16:36:06'),(228,'안녕하세요. 테스트 글 제목입니다.','테스트 글 내용입니다.','tiger',0,'2025-08-21 16:36:06'),(229,'안녕하세요. 테스트 글 제목입니다.','테스트 글 내용입니다.','tiger',0,'2025-08-21 16:36:06'),(230,'안녕하세요. 테스트 글 제목입니다.','테스트 글 내용입니다.','tiger',0,'2025-08-21 16:36:06'),(231,'안녕하세요. 테스트 글 제목입니다.','테스트 글 내용입니다.','tiger',0,'2025-08-21 16:36:06'),(232,'안녕하세요. 테스트 글 제목입니다.','테스트 글 내용입니다.','tiger',0,'2025-08-21 16:36:06'),(233,'안녕하세요. 테스트 글 제목입니다.','테스트 글 내용입니다.','tiger',0,'2025-08-21 16:36:06'),(234,'안녕하세요. 테스트 글 제목입니다.','테스트 글 내용입니다.','tiger',0,'2025-08-21 16:36:06'),(235,'안녕하세요. 테스트 글 제목입니다.','테스트 글 내용입니다.','tiger',0,'2025-08-21 16:36:06'),(236,'안녕하세요. 테스트 글 제목입니다.','테스트 글 내용입니다.','tiger',0,'2025-08-21 16:36:06'),(237,'안녕하세요. 테스트 글 제목입니다.','테스트 글 내용입니다.','tiger',0,'2025-08-21 16:36:06'),(238,'안녕하세요. 테스트 글 제목입니다.','테스트 글 내용입니다.','tiger',0,'2025-08-21 16:36:06'),(239,'안녕하세요. 테스트 글 제목입니다.','테스트 글 내용입니다.','tiger',0,'2025-08-21 16:36:06'),(240,'안녕하세요. 테스트 글 제목입니다.','테스트 글 내용입니다.','tiger',0,'2025-08-21 16:36:06'),(241,'안녕하세요. 테스트 글 제목입니다.','테스트 글 내용입니다.','tiger',0,'2025-08-21 16:36:06'),(242,'안녕하세요. 테스트 글 제목입니다.','테스트 글 내용입니다.','tiger',0,'2025-08-21 16:36:06'),(243,'안녕하세요. 테스트 글 제목입니다.','테스트 글 내용입니다.','tiger',0,'2025-08-21 16:36:06'),(244,'안녕하세요. 테스트 글 제목입니다.','테스트 글 내용입니다.','tiger',0,'2025-08-21 16:36:06'),(245,'안녕하세요. 테스트 글 제목입니다.','테스트 글 내용입니다.','tiger',0,'2025-08-21 16:36:12'),(246,'안녕하세요. 테스트 글 제목입니다.','테스트 글 내용입니다.','tiger',0,'2025-08-21 16:36:12'),(247,'안녕하세요. 테스트 글 제목입니다.','테스트 글 내용입니다.','tiger',0,'2025-08-21 16:36:12'),(248,'안녕하세요. 테스트 글 제목입니다.','테스트 글 내용입니다.','tiger',0,'2025-08-21 16:36:12'),(249,'안녕하세요. 테스트 글 제목입니다.','테스트 글 내용입니다.','tiger',0,'2025-08-21 16:36:12'),(250,'안녕하세요. 테스트 글 제목입니다.','테스트 글 내용입니다.','tiger',0,'2025-08-21 16:36:12'),(251,'안녕하세요. 테스트 글 제목입니다.','테스트 글 내용입니다.','tiger',0,'2025-08-21 16:36:12'),(252,'안녕하세요. 테스트 글 제목입니다.','테스트 글 내용입니다.','tiger',0,'2025-08-21 16:36:12'),(253,'안녕하세요. 테스트 글 제목입니다.','테스트 글 내용입니다.','tiger',0,'2025-08-21 16:36:12'),(254,'안녕하세요. 테스트 글 제목입니다.','테스트 글 내용입니다.','tiger',0,'2025-08-21 16:36:12'),(255,'안녕하세요. 테스트 글 제목입니다.','테스트 글 내용입니다.','tiger',0,'2025-08-21 16:36:12'),(256,'안녕하세요. 테스트 글 제목입니다.','테스트 글 내용입니다.','tiger',0,'2025-08-21 16:36:12'),(257,'안녕하세요. 테스트 글 제목입니다.','테스트 글 내용입니다.','tiger',0,'2025-08-21 16:36:12'),(258,'안녕하세요. 테스트 글 제목입니다.','테스트 글 내용입니다.','tiger',0,'2025-08-21 16:36:12'),(259,'안녕하세요. 테스트 글 제목입니다.','테스트 글 내용입니다.','tiger',0,'2025-08-21 16:36:12'),(260,'안녕하세요. 테스트 글 제목입니다.','테스트 글 내용입니다.','tiger',0,'2025-08-21 16:36:12'),(261,'안녕하세요. 테스트 글 제목입니다.','테스트 글 내용입니다.','tiger',0,'2025-08-21 16:36:12'),(262,'안녕하세요. 테스트 글 제목입니다.','테스트 글 내용입니다.','tiger',0,'2025-08-21 16:36:12'),(263,'안녕하세요. 테스트 글 제목입니다.','테스트 글 내용입니다.','tiger',0,'2025-08-21 16:36:12'),(264,'안녕하세요. 테스트 글 제목입니다.','테스트 글 내용입니다.','tiger',0,'2025-08-21 16:36:12'),(265,'안녕하세요. 테스트 글 제목입니다.','테스트 글 내용입니다.','tiger',0,'2025-08-21 16:36:12'),(266,'안녕하세요. 테스트 글 제목입니다.','테스트 글 내용입니다.','tiger',0,'2025-08-21 16:36:12'),(267,'안녕하세요. 테스트 글 제목입니다.','테스트 글 내용입니다.','tiger',0,'2025-08-21 16:36:12'),(268,'안녕하세요. 테스트 글 제목입니다.','테스트 글 내용입니다.','tiger',0,'2025-08-21 16:36:12'),(269,'안녕하세요. 테스트 글 제목입니다.','테스트 글 내용입니다.','tiger',0,'2025-08-21 16:36:12'),(270,'안녕하세요. 테스트 글 제목입니다.','테스트 글 내용입니다.','tiger',0,'2025-08-21 16:36:12'),(271,'안녕하세요. 테스트 글 제목입니다.','테스트 글 내용입니다.','tiger',0,'2025-08-21 16:36:12'),(272,'안녕하세요. 테스트 글 제목입니다.','테스트 글 내용입니다.','tiger',0,'2025-08-21 16:36:12'),(273,'안녕하세요. 테스트 글 제목입니다.','테스트 글 내용입니다.','tiger',0,'2025-08-21 16:36:12'),(274,'안녕하세요. 테스트 글 제목입니다.','테스트 글 내용입니다.','tiger',0,'2025-08-21 16:36:12'),(275,'안녕하세요. 테스트 글 제목입니다.','테스트 글 내용입니다.','tiger',0,'2025-08-21 16:36:12'),(276,'안녕하세요. 테스트 글 제목입니다.','테스트 글 내용입니다.','tiger',0,'2025-08-21 16:36:12'),(277,'안녕하세요. 테스트 글 제목입니다.','테스트 글 내용입니다.','tiger',0,'2025-08-21 16:36:12'),(278,'안녕하세요. 테스트 글 제목입니다.','테스트 글 내용입니다.','tiger',0,'2025-08-21 16:36:12'),(279,'안녕하세요. 테스트 글 제목입니다.','테스트 글 내용입니다.','tiger',0,'2025-08-21 16:36:12'),(280,'안녕하세요. 테스트 글 제목입니다.','테스트 글 내용입니다.','tiger',0,'2025-08-21 16:36:12'),(281,'안녕하세요. 테스트 글 제목입니다.','테스트 글 내용입니다.','tiger',0,'2025-08-21 16:36:13'),(282,'안녕하세요. 테스트 글 제목입니다.','테스트 글 내용입니다.','tiger',0,'2025-08-21 16:36:13'),(283,'안녕하세요. 테스트 글 제목입니다.','테스트 글 내용입니다.','tiger',0,'2025-08-21 16:36:13'),(284,'안녕하세요. 테스트 글 제목입니다.','테스트 글 내용입니다.','tiger',0,'2025-08-21 16:36:13'),(285,'안녕하세요. 테스트 글 제목입니다.','테스트 글 내용입니다.','tiger',0,'2025-08-21 16:36:13'),(286,'안녕하세요. 테스트 글 제목입니다.','테스트 글 내용입니다.','tiger',0,'2025-08-21 16:36:13'),(287,'안녕하세요. 테스트 글 제목입니다.','테스트 글 내용입니다.','tiger',0,'2025-08-21 16:36:13'),(288,'안녕하세요. 테스트 글 제목입니다.','테스트 글 내용입니다.','tiger',0,'2025-08-21 16:36:13'),(289,'안녕하세요. 테스트 글 제목입니다.','테스트 글 내용입니다.','tiger',0,'2025-08-21 16:36:13'),(290,'안녕하세요. 테스트 글 제목입니다.','테스트 글 내용입니다.','tiger',0,'2025-08-21 16:36:13'),(291,'안녕하세요. 테스트 글 제목입니다.','테스트 글 내용입니다.','tiger',0,'2025-08-21 16:36:13'),(292,'안녕하세요. 테스트 글 제목입니다.','테스트 글 내용입니다.','tiger',0,'2025-08-21 16:36:13'),(293,'안녕하세요. 테스트 글 제목입니다.','테스트 글 내용입니다.','tiger',0,'2025-08-21 16:36:13'),(294,'안녕하세요. 테스트 글 제목입니다.','테스트 글 내용입니다.','tiger',0,'2025-08-21 16:36:13'),(295,'안녕하세요. 테스트 글 제목입니다.','테스트 글 내용입니다.','tiger',0,'2025-08-21 16:36:13'),(296,'안녕하세요. 테스트 글 제목입니다.','테스트 글 내용입니다.','tiger',0,'2025-08-21 16:36:13'),(297,'안녕하세요. 테스트 글 제목입니다.','테스트 글 내용입니다.','tiger',0,'2025-08-21 16:36:13'),(298,'안녕하세요. 테스트 글 제목입니다.','테스트 글 내용입니다.','tiger',0,'2025-08-21 16:36:13'),(299,'안녕하세요. 테스트 글 제목입니다.','테스트 글 내용입니다.','tiger',0,'2025-08-21 16:36:13'),(300,'안녕하세요. 테스트 글 제목입니다.','테스트 글 내용입니다.','tiger',0,'2025-08-21 16:36:13'),(301,'안녕하세요. 테스트 글 제목입니다.','테스트 글 내용입니다.','tiger',0,'2025-08-21 16:36:13'),(302,'안녕하세요. 테스트 글 제목입니다.','테스트 글 내용입니다.','tiger',0,'2025-08-21 16:36:13'),(303,'안녕하세요. 테스트 글 제목입니다.','테스트 글 내용입니다.','tiger',0,'2025-08-21 16:36:13'),(304,'안녕하세요. 테스트 글 제목입니다.','테스트 글 내용입니다.','tiger',0,'2025-08-21 16:36:13'),(305,'안녕하세요. 테스트 글 제목입니다.','테스트 글 내용입니다.','tiger',0,'2025-08-21 16:36:13'),(306,'안녕하세요. 테스트 글 제목입니다.','테스트 글 내용입니다.','tiger',0,'2025-08-21 16:36:13'),(307,'안녕하세요. 테스트 글 제목입니다.','테스트 글 내용입니다.','tiger',0,'2025-08-21 16:36:13'),(308,'안녕하세요. 테스트 글 제목입니다.','테스트 글 내용입니다.','tiger',0,'2025-08-21 16:36:13'),(309,'안녕하세요. 테스트 글 제목입니다.','테스트 글 내용입니다.','tiger',0,'2025-08-21 16:36:13'),(310,'안녕하세요. 테스트 글 제목입니다.','테스트 글 내용입니다.','tiger',0,'2025-08-21 16:36:13'),(311,'안녕하세요. 테스트 글 제목입니다.','테스트 글 내용입니다.','tiger',0,'2025-08-21 16:36:13'),(312,'안녕하세요. 테스트 글 제목입니다.','테스트 글 내용입니다.','tiger',0,'2025-08-21 16:36:13'),(313,'안녕하세요. 테스트 글 제목입니다.','테스트 글 내용입니다.','tiger',0,'2025-08-21 16:36:13'),(314,'안녕하세요. 테스트 글 제목입니다.','테스트 글 내용입니다.','tiger',0,'2025-08-21 16:36:13'),(315,'안녕하세요. 테스트 글 제목입니다.','테스트 글 내용입니다.','tiger',0,'2025-08-21 16:36:13'),(316,'안녕하세요. 테스트 글 제목입니다.','테스트 글 내용입니다.','tiger',0,'2025-08-21 16:36:13'),(317,'안녕하세요. 테스트 글 제목입니다.','테스트 글 내용입니다.','tiger',0,'2025-08-21 16:36:13'),(318,'안녕하세요. 테스트 글 제목입니다.','테스트 글 내용입니다.','tiger',0,'2025-08-21 16:36:13'),(319,'안녕하세요. 테스트 글 제목입니다.','테스트 글 내용입니다.','tiger',0,'2025-08-21 16:36:13'),(320,'안녕하세요. 테스트 글 제목입니다.','테스트 글 내용입니다.','tiger',0,'2025-08-21 16:36:13'),(321,'안녕하세요. 테스트 글 제목입니다.','테스트 글 내용입니다.','tiger',0,'2025-08-21 16:36:13'),(322,'안녕하세요. 테스트 글 제목입니다.','테스트 글 내용입니다.','tiger',0,'2025-08-21 16:36:13'),(323,'안녕하세요. 테스트 글 제목입니다.','테스트 글 내용입니다.','tiger',0,'2025-08-21 16:36:13'),(324,'안녕하세요. 테스트 글 제목입니다.','테스트 글 내용입니다.','tiger',0,'2025-08-21 16:36:13'),(325,'안녕하세요. 테스트 글 제목입니다.','테스트 글 내용입니다.','tiger',0,'2025-08-21 16:36:13'),(326,'안녕하세요. 테스트 글 제목입니다.','테스트 글 내용입니다.','tiger',0,'2025-08-21 16:36:13'),(327,'안녕하세요. 테스트 글 제목입니다.','테스트 글 내용입니다.','tiger',0,'2025-08-21 16:36:13'),(328,'안녕하세요. 테스트 글 제목입니다.','테스트 글 내용입니다.','tiger',0,'2025-08-21 16:36:13'),(329,'안녕하세요. 테스트 글 제목입니다.','테스트 글 내용입니다.','tiger',0,'2025-08-21 16:36:13'),(330,'안녕하세요. 테스트 글 제목입니다.','테스트 글 내용입니다.','tiger',0,'2025-08-21 16:36:13'),(331,'안녕하세요. 테스트 글 제목입니다.','테스트 글 내용입니다.','tiger',0,'2025-08-21 16:36:13'),(332,'안녕하세요. 테스트 글 제목입니다.','테스트 글 내용입니다.','tiger',0,'2025-08-21 16:36:13'),(333,'안녕하세요. 테스트 글 제목입니다.','테스트 글 내용입니다.','tiger',0,'2025-08-21 16:36:13'),(334,'안녕하세요. 테스트 글 제목입니다.','테스트 글 내용입니다.','tiger',0,'2025-08-21 16:36:13'),(335,'안녕하세요. 테스트 글 제목입니다.','테스트 글 내용입니다.','tiger',0,'2025-08-21 16:36:13'),(336,'안녕하세요. 테스트 글 제목입니다.','테스트 글 내용입니다.','tiger',0,'2025-08-21 16:36:13'),(337,'안녕하세요. 테스트 글 제목입니다.','테스트 글 내용입니다.','tiger',0,'2025-08-21 16:36:13'),(338,'안녕하세요. 테스트 글 제목입니다.','테스트 글 내용입니다.','tiger',0,'2025-08-21 16:36:13'),(339,'안녕하세요. 테스트 글 제목입니다.','테스트 글 내용입니다.','tiger',0,'2025-08-21 16:36:13'),(340,'안녕하세요. 테스트 글 제목입니다.','테스트 글 내용입니다.','tiger',0,'2025-08-21 16:36:13'),(341,'안녕하세요. 테스트 글 제목입니다.','테스트 글 내용입니다.','tiger',0,'2025-08-21 16:36:13'),(342,'안녕하세요. 테스트 글 제목입니다.','테스트 글 내용입니다.','tiger',0,'2025-08-21 16:36:13'),(343,'안녕하세요. 테스트 글 제목입니다.','테스트 글 내용입니다.','tiger',0,'2025-08-21 16:36:13'),(344,'안녕하세요. 테스트 글 제목입니다.','테스트 글 내용입니다.','tiger',0,'2025-08-21 16:36:13'),(345,'안녕하세요. 테스트 글 제목입니다.','테스트 글 내용입니다.','tiger',0,'2025-08-21 16:36:13'),(346,'안녕하세요. 테스트 글 제목입니다.','테스트 글 내용입니다.','tiger',0,'2025-08-21 16:36:13'),(347,'안녕하세요. 테스트 글 제목입니다.','테스트 글 내용입니다.','tiger',0,'2025-08-21 16:36:13'),(348,'안녕하세요. 테스트 글 제목입니다.','테스트 글 내용입니다.','tiger',0,'2025-08-21 16:36:13'),(349,'안녕하세요. 테스트 글 제목입니다.','테스트 글 내용입니다.','tiger',0,'2025-08-21 16:36:13'),(350,'안녕하세요. 테스트 글 제목입니다.','테스트 글 내용입니다.','tiger',0,'2025-08-21 16:36:13'),(351,'안녕하세요. 테스트 글 제목입니다.','테스트 글 내용입니다.','tiger',0,'2025-08-21 16:36:13'),(352,'안녕하세요. 테스트 글 제목입니다.','테스트 글 내용입니다.','tiger',0,'2025-08-21 16:36:13'),(353,'안녕하세요. 테스트 글 제목입니다.','테스트 글 내용입니다.','tiger',0,'2025-08-21 16:36:13'),(354,'안녕하세요. 테스트 글 제목입니다.','테스트 글 내용입니다.','tiger',0,'2025-08-21 16:36:13'),(355,'안녕하세요. 테스트 글 제목입니다.','테스트 글 내용입니다.','tiger',0,'2025-08-21 16:36:13'),(356,'안녕하세요. 테스트 글 제목입니다.','테스트 글 내용입니다.','tiger',0,'2025-08-21 16:36:13'),(357,'안녕하세요. 테스트 글 제목입니다.','테스트 글 내용입니다.','tiger',0,'2025-08-21 16:36:13'),(358,'안녕하세요. 테스트 글 제목입니다.','테스트 글 내용입니다.','tiger',0,'2025-08-21 16:36:13'),(359,'안녕하세요. 테스트 글 제목입니다.','테스트 글 내용입니다.','tiger',0,'2025-08-21 16:36:13'),(360,'안녕하세요. 테스트 글 제목입니다.','테스트 글 내용입니다.','tiger',0,'2025-08-21 16:36:13'),(361,'안녕하세요. 테스트 글 제목입니다.','테스트 글 내용입니다.','tiger',0,'2025-08-21 16:36:13'),(362,'안녕하세요. 테스트 글 제목입니다.','테스트 글 내용입니다.','tiger',0,'2025-08-21 16:36:13'),(363,'안녕하세요. 테스트 글 제목입니다.','테스트 글 내용입니다.','tiger',0,'2025-08-21 16:36:13'),(364,'안녕하세요. 테스트 글 제목입니다.','테스트 글 내용입니다.','tiger',0,'2025-08-21 16:36:13'),(365,'안녕하세요. 테스트 글 제목입니다.','테스트 글 내용입니다.','tiger',0,'2025-08-21 16:36:13'),(366,'안녕하세요. 테스트 글 제목입니다.','테스트 글 내용입니다.','tiger',0,'2025-08-21 16:36:13'),(367,'안녕하세요. 테스트 글 제목입니다.','테스트 글 내용입니다.','tiger',0,'2025-08-21 16:36:13'),(368,'안녕하세요. 테스트 글 제목입니다.','테스트 글 내용입니다.','tiger',0,'2025-08-21 16:36:13'),(369,'안녕하세요. 테스트 글 제목입니다.','테스트 글 내용입니다.','tiger',0,'2025-08-21 16:36:13'),(370,'안녕하세요. 테스트 글 제목입니다.','테스트 글 내용입니다.','tiger',0,'2025-08-21 16:36:13'),(371,'안녕하세요. 테스트 글 제목입니다.','테스트 글 내용입니다.','tiger',0,'2025-08-21 16:36:13'),(372,'안녕하세요. 테스트 글 제목입니다.','테스트 글 내용입니다.','tiger',0,'2025-08-21 16:36:13'),(373,'안녕하세요. 테스트 글 제목입니다.','테스트 글 내용입니다.','tiger',0,'2025-08-21 16:36:13'),(374,'안녕하세요. 테스트 글 제목입니다.','테스트 글 내용입니다.','tiger',0,'2025-08-21 16:36:13'),(375,'안녕하세요. 테스트 글 제목입니다.','테스트 글 내용입니다.','tiger',0,'2025-08-21 16:36:13'),(376,'안녕하세요. 테스트 글 제목입니다.','테스트 글 내용입니다.','tiger',0,'2025-08-21 16:36:13'),(377,'안녕하세요. 테스트 글 제목입니다.','테스트 글 내용입니다.','tiger',0,'2025-08-21 16:36:13'),(378,'안녕하세요. 테스트 글 제목입니다.','테스트 글 내용입니다.','tiger',0,'2025-08-21 16:36:13'),(379,'안녕하세요. 테스트 글 제목입니다.','테스트 글 내용입니다.','tiger',0,'2025-08-21 16:36:13'),(380,'안녕하세요. 테스트 글 제목입니다.','테스트 글 내용입니다.','tiger',0,'2025-08-21 16:36:13'),(381,'안녕하세요. 테스트 글 제목입니다.','테스트 글 내용입니다.','tiger',0,'2025-08-21 16:36:13'),(382,'안녕하세요. 테스트 글 제목입니다.','테스트 글 내용입니다.','tiger',0,'2025-08-21 16:36:13'),(383,'안녕하세요. 테스트 글 제목입니다.','테스트 글 내용입니다.','tiger',0,'2025-08-21 16:36:13'),(384,'안녕하세요. 테스트 글 제목입니다.','테스트 글 내용입니다.','tiger',0,'2025-08-21 16:36:13'),(385,'안녕하세요. 테스트 글 제목입니다.','테스트 글 내용입니다.','tiger',0,'2025-08-21 16:36:13'),(386,'안녕하세요. 테스트 글 제목입니다.','테스트 글 내용입니다.','tiger',0,'2025-08-21 16:36:13'),(387,'안녕하세요. 테스트 글 제목입니다.','테스트 글 내용입니다.','tiger',0,'2025-08-21 16:36:13'),(388,'안녕하세요. 테스트 글 제목입니다.','테스트 글 내용입니다.','tiger',0,'2025-08-21 16:36:13'),(389,'안녕하세요. 테스트 글 제목입니다.','테스트 글 내용입니다.','tiger',0,'2025-08-21 16:36:13'),(390,'안녕하세요. 테스트 글 제목입니다.','테스트 글 내용입니다.','tiger',0,'2025-08-21 16:36:13'),(391,'안녕하세요. 테스트 글 제목입니다.','테스트 글 내용입니다.','tiger',0,'2025-08-21 16:36:13'),(392,'안녕하세요. 테스트 글 제목입니다.','테스트 글 내용입니다.','tiger',0,'2025-08-21 16:36:13'),(393,'안녕하세요. 테스트 글 제목입니다.','테스트 글 내용입니다.','tiger',0,'2025-08-21 16:36:13'),(394,'안녕하세요. 테스트 글 제목입니다.','테스트 글 내용입니다.','tiger',0,'2025-08-21 16:36:13'),(395,'안녕하세요. 테스트 글 제목입니다.','테스트 글 내용입니다.','tiger',0,'2025-08-21 16:36:13'),(396,'안녕하세요. 테스트 글 제목입니다.','테스트 글 내용입니다.','tiger',0,'2025-08-21 16:36:13'),(397,'안녕하세요. 테스트 글 제목입니다.','테스트 글 내용입니다.','tiger',0,'2025-08-21 16:36:13'),(398,'안녕하세요. 테스트 글 제목입니다.','테스트 글 내용입니다.','tiger',0,'2025-08-21 16:36:13'),(399,'안녕하세요. 테스트 글 제목입니다.','테스트 글 내용입니다.','tiger',0,'2025-08-21 16:36:13'),(400,'안녕하세요. 테스트 글 제목입니다.','테스트 글 내용입니다.','tiger',0,'2025-08-21 16:36:13'),(401,'안녕하세요. 테스트 글 제목입니다.','테스트 글 내용입니다.','tiger',0,'2025-08-21 16:36:13'),(402,'안녕하세요. 테스트 글 제목입니다.','테스트 글 내용입니다.','tiger',0,'2025-08-21 16:36:13'),(403,'안녕하세요. 테스트 글 제목입니다.','테스트 글 내용입니다.','tiger',0,'2025-08-21 16:36:13'),(404,'안녕하세요. 테스트 글 제목입니다.','테스트 글 내용입니다.','tiger',0,'2025-08-21 16:36:13'),(405,'안녕하세요. 테스트 글 제목입니다.','테스트 글 내용입니다.','tiger',0,'2025-08-21 16:36:13'),(406,'안녕하세요. 테스트 글 제목입니다.','테스트 글 내용입니다.','tiger',0,'2025-08-21 16:36:13'),(407,'안녕하세요. 테스트 글 제목입니다.','테스트 글 내용입니다.','tiger',0,'2025-08-21 16:36:13'),(408,'안녕하세요. 테스트 글 제목입니다.','테스트 글 내용입니다.','tiger',0,'2025-08-21 16:36:13'),(409,'안녕하세요. 테스트 글 제목입니다.','테스트 글 내용입니다.','tiger',0,'2025-08-21 16:36:13'),(410,'안녕하세요. 테스트 글 제목입니다.','테스트 글 내용입니다.','tiger',0,'2025-08-21 16:36:13'),(411,'안녕하세요. 테스트 글 제목입니다.','테스트 글 내용입니다.','tiger',0,'2025-08-21 16:36:13'),(412,'안녕하세요. 테스트 글 제목입니다.','테스트 글 내용입니다.','tiger',0,'2025-08-21 16:36:13'),(413,'안녕하세요. 테스트 글 제목입니다.','테스트 글 내용입니다.','tiger',0,'2025-08-21 16:36:13'),(414,'안녕하세요. 테스트 글 제목입니다.','테스트 글 내용입니다.','tiger',0,'2025-08-21 16:36:13'),(415,'안녕하세요. 테스트 글 제목입니다.','테스트 글 내용입니다.','tiger',0,'2025-08-21 16:36:13'),(416,'안녕하세요. 테스트 글 제목입니다.','테스트 글 내용입니다.','tiger',0,'2025-08-21 16:36:13'),(417,'안녕하세요. 테스트 글 제목입니다.','테스트 글 내용입니다.','tiger',0,'2025-08-21 16:36:13'),(418,'안녕하세요. 테스트 글 제목입니다.','테스트 글 내용입니다.','tiger',0,'2025-08-21 16:36:13'),(419,'안녕하세요. 테스트 글 제목입니다.','테스트 글 내용입니다.','tiger',0,'2025-08-21 16:36:13'),(420,'안녕하세요. 테스트 글 제목입니다.','테스트 글 내용입니다.','tiger',0,'2025-08-21 16:36:13'),(421,'안녕하세요. 테스트 글 제목입니다.','테스트 글 내용입니다.','tiger',0,'2025-08-21 16:36:13'),(422,'안녕하세요. 테스트 글 제목입니다.','테스트 글 내용입니다.','tiger',0,'2025-08-21 16:36:13'),(423,'안녕하세요. 테스트 글 제목입니다.','테스트 글 내용입니다.','tiger',0,'2025-08-21 16:36:13'),(424,'안녕하세요. 테스트 글 제목입니다.','테스트 글 내용입니다.','tiger',0,'2025-08-21 16:36:14'),(425,'안녕하세요. 테스트 글 제목입니다.','테스트 글 내용입니다.','tiger',0,'2025-08-21 16:36:14'),(426,'안녕하세요. 테스트 글 제목입니다.','테스트 글 내용입니다.','tiger',0,'2025-08-21 16:36:14'),(427,'안녕하세요. 테스트 글 제목입니다.','테스트 글 내용입니다.','tiger',0,'2025-08-21 16:36:14'),(428,'안녕하세요. 테스트 글 제목입니다.','테스트 글 내용입니다.','tiger',0,'2025-08-21 16:36:14'),(429,'안녕하세요. 테스트 글 제목입니다.','테스트 글 내용입니다.','tiger',0,'2025-08-21 16:36:14'),(430,'안녕하세요. 테스트 글 제목입니다.','테스트 글 내용입니다.','tiger',0,'2025-08-21 16:36:14'),(431,'안녕하세요. 테스트 글 제목입니다.','테스트 글 내용입니다.','tiger',0,'2025-08-21 16:36:14'),(432,'안녕하세요. 테스트 글 제목입니다.','테스트 글 내용입니다.','tiger',0,'2025-08-21 16:36:14'),(433,'안녕하세요. 테스트 글 제목입니다.','테스트 글 내용입니다.','tiger',1,'2025-08-21 16:36:14'),(434,'안녕하세요. 테스트 글 제목입니다.','테스트 글 내용입니다.','tiger',0,'2025-08-21 16:36:14'),(435,'안녕하세요. 테스트 글 제목입니다.','테스트 글 내용입니다.','tiger',0,'2025-08-21 16:36:14'),(436,'안녕하세요. 테스트 글 제목입니다.','테스트 글 내용입니다.','tiger',0,'2025-08-21 16:36:14'),(437,'안녕하세요. 테스트 글 제목입니다.','테스트 글 내용입니다.','tiger',0,'2025-08-21 16:36:14'),(438,'안녕하세요. 테스트 글 제목입니다.','테스트 글 내용입니다.','tiger',2,'2025-08-21 16:36:14'),(439,'안녕하세요. 테스트 글 제목입니다.','테스트 글 내용입니다.','tiger',0,'2025-08-21 16:36:14'),(440,'안녕하세요. 테스트 글 제목입니다.','테스트 글 내용입니다.','tiger',0,'2025-08-21 16:36:14'),(441,'안녕하세요. 테스트 글 제목입니다.','테스트 글 내용입니다.','tiger',0,'2025-08-21 16:36:14'),(442,'안녕하세요. 테스트 글 제목입니다.','테스트 글 내용입니다.','tiger',0,'2025-08-21 16:36:14'),(443,'안녕하세요. 테스트 글 제목입니다.','테스트 글 내용입니다.','tiger',0,'2025-08-21 16:36:14'),(444,'안녕하세요. 테스트 글 제목입니다.','테스트 글 내용입니다.','tiger',2,'2025-08-21 16:36:14');
/*!40000 ALTER TABLE `board` ENABLE KEYS */;
UNLOCK TABLES;

--
-- Table structure for table `members`
--

DROP TABLE IF EXISTS `members`;
/*!40101 SET @saved_cs_client     = @@character_set_client */;
/*!50503 SET character_set_client = utf8mb4 */;
CREATE TABLE `members` (
  `memberid` varchar(20) NOT NULL,
  `memberpw` varchar(20) DEFAULT NULL,
  `membername` varchar(10) DEFAULT NULL,
  `memberemail` varchar(40) DEFAULT NULL,
  `memberdate` datetime DEFAULT CURRENT_TIMESTAMP,
  PRIMARY KEY (`memberid`)
) ENGINE=InnoDB DEFAULT CHARSET=utf8mb4 COLLATE=utf8mb4_0900_ai_ci;
/*!40101 SET character_set_client = @saved_cs_client */;

--
-- Dumping data for table `members`
--

LOCK TABLES `members` WRITE;
/*!40000 ALTER TABLE `members` DISABLE KEYS */;
INSERT INTO `members` VALUES ('cat99','12345','김고양','cat99@abc.com','2025-08-18 12:34:35'),('lion88','88888','이순신','lion88@abc.com','2025-08-14 12:40:15'),('tiger','12345','홍호랑','horang@abc.com','2025-08-14 12:22:20'),('tiger11','99999','이홍수','lee@abc.com','2025-08-14 12:49:36'),('tiger99','12345','김호성','lee@abc.com','2025-08-18 09:26:17');
/*!40000 ALTER TABLE `members` ENABLE KEYS */;
UNLOCK TABLES;

--
-- Table structure for table `membertbl`
--

DROP TABLE IF EXISTS `membertbl`;
/*!40101 SET @saved_cs_client     = @@character_set_client */;
/*!50503 SET character_set_client = utf8mb4 */;
CREATE TABLE `membertbl` (
  `memberid` varchar(15) NOT NULL,
  `memberpw` varchar(15) DEFAULT NULL,
  `membername` varchar(10) DEFAULT NULL,
  `memberage` int DEFAULT NULL,
  `memberemail` varchar(45) DEFAULT NULL,
  `memberdate` datetime DEFAULT CURRENT_TIMESTAMP,
  PRIMARY KEY (`memberid`)
) ENGINE=InnoDB DEFAULT CHARSET=utf8mb4 COLLATE=utf8mb4_0900_ai_ci;
/*!40101 SET character_set_client = @saved_cs_client */;

--
-- Dumping data for table `membertbl`
--

LOCK TABLES `membertbl` WRITE;
/*!40000 ALTER TABLE `membertbl` DISABLE KEYS */;
INSERT INTO `membertbl` VALUES ('test01','12345','김연습',19,'test01@abc.com','2025-08-18 17:26:48'),('tiger','12345','김길동',23,'kimhong@abc.com','2025-08-18 15:12:53'),('tiger88','12345','이순신',28,'lee@abc.com','2025-08-18 15:24:14');
/*!40000 ALTER TABLE `membertbl` ENABLE KEYS */;
UNLOCK TABLES;

--
-- Table structure for table `reservation`
--

DROP TABLE IF EXISTS `reservation`;
/*!40101 SET @saved_cs_client     = @@character_set_client */;
/*!50503 SET character_set_client = utf8mb4 */;
CREATE TABLE `reservation` (
  `rnum` int NOT NULL AUTO_INCREMENT,
  `memberid` varchar(45) DEFAULT NULL,
  `rname` varchar(45) DEFAULT NULL,
  `rphone` varchar(45) DEFAULT NULL,
  `rdate` date NOT NULL,
  `rtime` time NOT NULL,
  `creatdate` datetime DEFAULT CURRENT_TIMESTAMP,
  PRIMARY KEY (`rnum`)
) ENGINE=InnoDB DEFAULT CHARSET=utf8mb4 COLLATE=utf8mb4_0900_ai_ci;
/*!40101 SET character_set_client = @saved_cs_client */;

--
-- Dumping data for table `reservation`
--

LOCK TABLES `reservation` WRITE;
/*!40000 ALTER TABLE `reservation` DISABLE KEYS */;
/*!40000 ALTER TABLE `reservation` ENABLE KEYS */;
UNLOCK TABLES;
/*!40103 SET TIME_ZONE=@OLD_TIME_ZONE */;

/*!40101 SET SQL_MODE=@OLD_SQL_MODE */;
/*!40014 SET FOREIGN_KEY_CHECKS=@OLD_FOREIGN_KEY_CHECKS */;
/*!40014 SET UNIQUE_CHECKS=@OLD_UNIQUE_CHECKS */;
/*!40101 SET CHARACTER_SET_CLIENT=@OLD_CHARACTER_SET_CLIENT */;
/*!40101 SET CHARACTER_SET_RESULTS=@OLD_CHARACTER_SET_RESULTS */;
/*!40101 SET COLLATION_CONNECTION=@OLD_COLLATION_CONNECTION */;
/*!40111 SET SQL_NOTES=@OLD_SQL_NOTES */;

-- Dump completed on 2025-08-22 17:47:56
